"employee_id","emp_name","department","gender","age","country"
321,"Emily_Davis","IT","Female                                            ",23,"China"
523,"luna sanders","sr.maneger","Female                                            ",25,"india"
852,"kevin","D_analytic","male                                              ",35,"china"
6001,"Penelope Jordan","Finance","Male                                              ",26,"United States"
102,"Austin Vo","IT","Female                                            ",55,"China"
103,"Joshua Gupta","Finance","Female                                            ",57,"United States"
104,"Ruby Barnes","Sales","Male                                              ",27,"United States"
105,"Luke Martin","IT","Male                                              ",25,"United States"
106,"Easton Bailey","Finance","Female                                            ",29,"China"
107,"Madeline Walker","Accounting","Male                                              ",34,"United States"
108,"Savannah Ali","Finance","Male                                              ",36,"United States"
109,"Camila Rogers","Human Resources","Female                                            ",27,"United States"
110,"Eli Jones","Engineering","Female                                            ",59,"United States"
111,"Everleigh Ng","Human Resources","Female                                            ",51,"United States"
112,"Robert Yang","Finance","Male                                              ",31,"United States"
113,"Isabella Xi","Accounting","Female                                            ",41,"United States"
114,"Bella Powell","Marketing","Male                                              ",65,"China"
115,"Camila Silva","Finance","Female                                            ",64,"United States"
116,"David Barnes","Marketing","Female                                            ",64,"United States"
117,"Adam Dang","IT","Female                                            ",45,"United States"
118,"Elias Alvarado","Sales","Male                                              ",56,"United States"
119,"Eva Rivera","IT","Male                                              ",36,"United States"
120,"Logan Rivera","Sales","Male                                              ",59,"China"
121,"Leonardo Dixon","IT","Female                                            ",37,"Brazil"
122,"Mateo Her","Sales","Male                                              ",44,"United States"
123,"Jose Henderson","Sales","Male                                              ",41,"Brazil"
124,"Abigail Mejia","Human Resources","Male                                              ",56,"United States"
125,"Wyatt Chin","Engineering","Male                                              ",43,"China"
126,"Carson Lu","Engineering","Female                                            ",64,"United States"
127,"Dylan Choi","Engineering","Male                                              ",63,"Brazil"
128,"Ezekiel Kumar","IT","Male                                              ",28,"United States"
129,"Dominic Guzman","IT","Male                                              ",65,"China"
130,"Angel Powell","Finance","Male                                              ",61,"China"
131,"Mateo Vu","Sales","Male                                              ",30,"United States"
132,"Caroline Jenkins","Sales","Male                                              ",27,"Brazil"
133,"Nora Brown","Finance","Male                                              ",32,"United States"
134,"Adeline Huang","IT","Female                                            ",34,"China"
135,"Jackson Perry","Engineering","Female                                            ",27,"United States"
136,"Riley Padilla","Marketing","Female                                            ",35,"United States"
137,"Leah Pena","IT","Male                                              ",57,"China"
138,"Owen Lam","IT","Female                                            ",30,"United States"
139,"Kennedy Foster","Human Resources","Female                                            ",53,"United States"
140,"John Moore","Marketing","Male                                              ",52,"Brazil"
141,"William Vu","IT","Female                                            ",37,"China"
142,"Sadie Washington","Sales","Male                                              ",29,"United States"
143,"Gabriel Holmes","Marketing","Male                                              ",40,"United States"
144,"Wyatt Rojas","IT","Female                                            ",32,"China"
145,"Eva Coleman","IT","Male                                              ",37,"United States"
146,"Dominic Clark","IT","Male                                              ",52,"United States"
147,"Lucy Alexander","Engineering","Female                                            ",45,"United States"
148,"Everleigh Washington","Engineering","Male                                              ",64,"United States"
149,"Leilani Butler","Human Resources","Female                                            ",27,"United States"
150,"Peyton Huang","Marketing","Female                                            ",25,"United States"
151,"John Contreras","IT","Female                                            ",35,"United States"
152,"Rylee Yu","Marketing","Female                                            ",36,"United States"
153,"Piper Lewis","Accounting","Male                                              ",33,"China"
154,"Stella Alexander","Engineering","Female                                            ",52,"United States"
155,"Addison Do","Engineering","Female                                            ",46,"United States"
156,"Zoey Jackson","Engineering","Female                                            ",46,"United States"
157,"John Chow","Human Resources","Female                                            ",45,"United States"
158,"Ava Ayala","Marketing","Female                                            ",55,"United States"
159,"Natalia Salazar","IT","Male                                              ",44,"United States"
160,"Skylar Carrillo","Accounting","Female                                            ",44,"China"
161,"Christian Sanders","Engineering","Female                                            ",45,"Brazil"
162,"Penelope Coleman","Human Resources","Female                                            ",36,"Brazil"
163,"Piper Richardson","Finance","Male                                              ",38,"United States"
164,"Everly Walker","Sales","Female                                            ",41,"United States"
165,"Aurora Ali","Human Resources","Female                                            ",30,"United States"
166,"Penelope Guerrero","Marketing","Female                                            ",43,"United States"
167,"Anna Mehta","IT","Female                                            ",32,"United States"
168,"William Foster","IT","Female                                            ",58,"United States"
169,"Jade Rojas","Engineering","Female                                            ",37,"United States"
170,"Isla Espinoza","Finance","Male                                              ",38,"United States"
171,"David Chu","Accounting","Female                                            ",55,"United States"
172,"Thomas Padilla","Engineering","Female                                            ",57,"United States"
173,"Miles Salazar","Marketing","Male                                              ",36,"Brazil"
174,"Mila Hong","IT","Male                                              ",30,"United States"
175,"Benjamin Moua","Engineering","Male                                              ",40,"Brazil"
176,"Samuel Morales","IT","Female                                            ",34,"Brazil"
177,"John Soto","Finance","Male                                              ",60,"China"
178,"Joseph Martin","Finance","Male                                              ",41,"China"
179,"Jose Ross","Marketing","Male                                              ",53,"United States"
180,"Parker James","Engineering","Male                                              ",45,"United States"
181,"Everleigh Fernandez","Engineering","Male                                              ",30,"United States"
182,"Lincoln Hall","Engineering","Male                                              ",26,"United States"
183,"Willow Mai","Accounting","Female                                            ",45,"United States"
184,"Jack Cheng","Human Resources","Male                                              ",42,"Brazil"
185,"Genesis Navarro","Human Resources","Female                                            ",41,"United States"
186,"Eliza Hernandez","IT","Male                                              ",48,"China"
187,"Gabriel Brooks","IT","Female                                            ",29,"China"
188,"Jack Huynh","IT","Female                                            ",27,"Brazil"
189,"Everly Chow","Marketing","Male                                              ",33,"Brazil"
190,"Amelia Salazar","Finance","Male                                              ",26,"United States"
191,"Xavier Zheng","Finance","Female                                            ",31,"China"
192,"Matthew Chau","Sales","Female                                            ",53,"China"
193,"Mia Cheng","Human Resources","Male                                              ",34,"Brazil"
194,"Rylee Yu","Sales","Male                                              ",54,"United States"
195,"Zoe Romero","Finance","Female                                            ",32,"United States"
196,"Nolan Bui","IT","Female                                            ",28,"United States"
197,"Nevaeh Jones","IT","Female                                            ",31,"China"
198,"Samantha Adams","Sales","Male                                              ",45,"Brazil"
199,"Madeline Shin","Engineering","Female                                            ",48,"China"
200,"Noah King","IT","Female                                            ",56,"United States"
201,"Leilani Chow","Engineering","Female                                            ",27,"United States"
202,"Connor Simmons","Human Resources","Male                                              ",55,"United States"
203,"Grayson Cooper","Accounting","Female                                            ",64,"United States"
204,"Ivy Soto","Finance","Male                                              ",50,"China"
205,"Aurora Simmons","Engineering","Male                                              ",51,"United States"
206,"Andrew Thomas","Engineering","Female                                            ",36,"United States"
207,"Ezekiel Desai","Engineering","Female                                            ",42,"United States"
208,"Gabriella Gupta","Finance","Male                                              ",41,"United States"
209,"Skylar Liu","Sales","Male                                              ",29,"United States"
210,"Nova Coleman","IT","Female                                            ",44,"United States"
211,"Evelyn Dinh","IT","Female                                            ",41,"China"
212,"Brooks Marquez","Sales","Female                                            ",61,"China"
213,"Connor Joseph","Sales","Female                                            ",50,"United States"
214,"Mia Lam","Human Resources","Male                                              ",49,"United States"
215,"Scarlett Rodriguez","IT","Male                                              ",60,"United States"
216,"Cora Rivera","Finance","Female                                            ",42,"United States"
217,"Liam Jung","Marketing","Female                                            ",39,"United States"
218,"Sophia Huynh","Finance","Female                                            ",55,"Brazil"
219,"Athena Carrillo","IT","Male                                              ",39,"United States"
220,"Greyson Sanders","Finance","Female                                            ",28,"China"
221,"Vivian Lewis","IT","Female                                            ",65,"United States"
222,"Elena Vang","Marketing","Male                                              ",52,"United States"
223,"Natalia Diaz","Finance","Female                                            ",62,"United States"
224,"Mila Leung","Engineering","Female                                            ",39,"United States"
225,"Ava Nelson","Marketing","Female                                            ",63,"China"
226,"Mateo Chu","IT","Female                                            ",27,"United States"
227,"Isla Lai","Engineering","Female                                            ",37,"China"
228,"Ezekiel Reed","Finance","Male                                              ",37,"United States"
229,"Nolan Guzman","IT","Female                                            ",46,"China"
230,"Everleigh Espinoza","Engineering","Male                                              ",54,"China"
231,"Evelyn Jung","Human Resources","Male                                              ",30,"United States"
232,"Sophie Silva","Sales","Female                                            ",28,"Brazil"
233,"Mateo Williams","Engineering","Female                                            ",40,"United States"
234,"Kennedy Rahman","IT","Female                                            ",49,"China"
235,"Levi Mendez","Human Resources","Male                                              ",39,"Brazil"
236,"Julian Fong","Sales","Female                                            ",61,"United States"
237,"Nevaeh Kang","Engineering","Male                                              ",46,"China"
238,"Hannah Nelson","Engineering","Male                                              ",35,"Brazil"
239,"Anthony Rogers","Marketing","Female                                            ",33,"China"
240,"Paisley Kang","Engineering","Female                                            ",61,"China"
241,"Matthew Gupta","Human Resources","Male                                              ",45,"United States"
242,"Silas Chavez","IT","Female                                            ",51,"United States"
243,"Colton Thao","IT","Male                                              ",55,"China"
244,"Genesis Perry","Human Resources","Male                                              ",46,"China"
245,"Alexander Bryant","Sales","Male                                              ",30,"United States"
246,"Elias Zhang","Engineering","Female                                            ",54,"China"
247,"Lily Carter","IT","Male                                              ",54,"United States"
248,"Joseph Ruiz","IT","Male                                              ",45,"United States"
249,"Avery Bailey","Engineering","Female                                            ",49,"China"
250,"Miles Hsu","Sales","Male                                              ",55,"United States"
251,"Piper Cheng","Finance","Female                                            ",62,"Brazil"
252,"Skylar Watson","IT","Male                                              ",28,"United States"
253,"Jaxon Park","IT","Female                                            ",33,"China"
254,"Elijah Henry","IT","Female                                            ",32,"United States"
255,"Camila Watson","IT","Male                                              ",32,"United States"
256,"Lucas Thomas","Finance","Male                                              ",55,"China"
257,"Skylar Doan","Accounting","Female                                            ",58,"United States"
258,"Hudson Liu","Human Resources","Male                                              ",34,"United States"
259,"Gianna Williams","Engineering","Female                                            ",27,"United States"
260,"Jaxson Sandoval","Engineering","Male                                              ",61,"United States"
261,"Jameson Alvarado","Sales","Female                                            ",47,"United States"
262,"Joseph Ly","IT","Male                                              ",40,"United States"
263,"Daniel Richardson","Marketing","Male                                              ",30,"Brazil"
264,"Elias Figueroa","Engineering","Male                                              ",45,"Brazil"
265,"Emma Brooks","Finance","Male                                              ",30,"China"
266,"Isla Wong","Sales","Male                                              ",56,"United States"
267,"Everly Walker","Accounting","Female                                            ",62,"United States"
268,"Mila Pena","Sales","Female                                            ",45,"United States"
269,"Mason Zhao","Human Resources","Female                                            ",46,"United States"
270,"Jaxson Mai","IT","Female                                            ",48,"United States"
271,"Ava Garza","Human Resources","Male                                              ",27,"Brazil"
272,"Nathan Mendez","Accounting","Male                                              ",53,"China"
273,"Maria Griffin","IT","Female                                            ",59,"United States"
274,"Alexander Choi","Marketing","Male                                              ",55,"United States"
275,"Maria Hong","Marketing","Female                                            ",43,"United States"
276,"Sophie Ali","Finance","Male                                              ",55,"United States"
278,"Julian Ross","Finance","Female                                            ",51,"United States"
279,"Emma Hill","Marketing","Female                                            ",54,"China"
280,"Leilani Yee","IT","Male                                              ",47,"United States"
281,"Jack Brown","Marketing","Female                                            ",55,"United States"
282,"Charlotte Chu","Marketing","Female                                            ",50,"United States"
283,"Jeremiah Chu","IT","Male                                              ",31,"China"
284,"Miles Cho","IT","Female                                            ",47,"United States"
285,"Caleb Marquez","IT","Male                                              ",29,"China"
286,"Eli Soto","IT","Male                                              ",38,"China"
287,"Carter Mejia","Marketing","Male                                              ",29,"China"
288,"Ethan Clark","Human Resources","Male                                              ",33,"Brazil"
289,"Asher Jackson","Human Resources","Male                                              ",50,"Brazil"
290,"Ayla Ng","Sales","Male                                              ",46,"Brazil"
291,"Jose Kang","Sales","Male                                              ",57,"United States"
292,"Aubrey Romero","Engineering","Female                                            ",49,"United States"
293,"Jaxson Wright","Sales","Male                                              ",54,"China"
294,"Elias Ali","IT","Female                                            ",28,"China"
295,"Nolan Pena","Sales","Male                                              ",30,"United States"
296,"Luna Liu","Marketing","Male                                              ",36,"United States"
297,"Brooklyn Reyes","Sales","Male                                              ",36,"China"
298,"Hadley Parker","IT","Female                                            ",30,"Brazil"
299,"Jonathan Chavez","Marketing","Female                                            ",29,"China"
300,"Sarah Ayala","IT","Female                                            ",47,"United States"
301,"Elijah Kang","Sales","Male                                              ",35,"United States"
302,"Ella White","Engineering","Female                                            ",25,"United States"
303,"suxin","Engineering","Male                                              ",45,"United States"
304,"Daniel Jordan","Engineering","Female                                            ",58,"United States"
305,"Daniel Dixon","IT","Male                                              ",51,"United States"
306,"Luca Duong","Engineering","Male                                              ",48,"United States"
307,"Levi Brown","Human Resources","Male                                              ",36,"United States"
308,"Mason Cho","Sales","Male                                              ",59,"United States"
309,"Nova Herrera","Accounting","Male                                              ",45,"China"
310,"Elijah Watson","Sales","Male                                              ",29,"United States"
311,"Wesley Gray","Sales","Female                                            ",62,"United States"
312,"Wesley Sharma","Accounting","Male                                              ",51,"Brazil"
313,"Mateo Mendez","IT","Male                                              ",47,"United States"
314,"Jose Molina","Engineering","Male                                              ",40,"United States"
315,"Luna Simmons","Engineering","Male                                              ",28,"China"
316,"Samantha Barnes","Finance","Male                                              ",29,"United States"
317,"Hunter Ortiz","Marketing","Female                                            ",46,"Brazil"
318,"Thomas Aguilar","Finance","Female                                            ",45,"United States"
319,"Skylar Bell","Sales","Male                                              ",30,"United States"
320,"Anna Zhu","Engineering","Male                                              ",48,"Brazil"
11,"Ella Hunter","IT","Female                                            ",51,"United States"
322,"Emery Hunter","Finance","Female                                            ",28,"United States"
323,"Sofia Parker","Sales","Female                                            ",36,"China"
324,"Lucy Fong","IT","Female                                            ",40,"United States"
325,"Vivian Barnes","Sales","Female                                            ",51,"United States"
326,"Kai Chow","Human Resources","Female                                            ",45,"United States"
327,"Melody Cooper","Engineering","Female                                            ",44,"China"
328,"James Bui","Engineering","Male                                              ",64,"United States"
329,"Liam Grant","Finance","Female                                            ",30,"United States"
330,"Owen Han","Human Resources","Male                                              ",28,"United States"
331,"Kinsley Vega","Accounting","Male                                              ",33,"China"
332,"Leonardo Martin","Accounting","Male                                              ",51,"United States"
333,"Greyson Lam","Finance","Female                                            ",25,"China"
334,"Emilia Rivera","Accounting","Male                                              ",42,"Brazil"
335,"Penelope Johnson","Engineering","Male                                              ",34,"United States"
336,"Eva Figueroa","Marketing","Female                                            ",48,"United States"
337,"Ezekiel Jordan","Sales","Female                                            ",33,"United States"
338,"Luke Mai","Accounting","Female                                            ",41,"United States"
339,"Charles Diaz","Human Resources","Male                                              ",55,"United States"
340,"Adam Espinoza","Sales","Male                                              ",36,"United States"
341,"Jack Maldonado","Engineering","Male                                              ",31,"China"
342,"Cora Jiang","Engineering","Male                                              ",53,"Brazil"
343,"Cooper Mitchell","IT","Male                                              ",43,"United States"
344,"Layla Torres","Sales","Female                                            ",37,"Brazil"
345,"Jack Edwards","Finance","Male                                              ",38,"United States"
346,"Eleanor Chan","Marketing","Female                                            ",49,"United States"
347,"Aria Xi","Accounting","Male                                              ",45,"Brazil"
348,"John Vega","Sales","Female                                            ",50,"United States"
349,"Luke Munoz","Finance","Female                                            ",64,"China"
350,"Sarah Daniels","Engineering","Male                                              ",55,"United States"
351,"Aria Castro","Accounting","Male                                              ",45,"Brazil"
352,"Autumn Joseph","Engineering","Female                                            ",39,"Brazil"
353,"Evelyn Liang","IT","Female                                            ",40,"United States"
354,"Henry Alvarez","IT","Female                                            ",48,"Brazil"
355,"Benjamin Delgado","Human Resources","Female                                            ",64,"United States"
356,"Zoe Rodriguez","Engineering","Male                                              ",65,"United States"
357,"Axel Chu","Human Resources","Male                                              ",43,"Brazil"
358,"Cameron Evans","IT","Female                                            ",50,"United States"
359,"Isabella Soto","Engineering","Male                                              ",27,"United States"
360,"Eva Jenkins","Finance","Male                                              ",55,"China"
361,"Cameron Powell","Human Resources","Female                                            ",41,"United States"
362,"Samantha Foster","Human Resources","Female                                            ",34,"Brazil"
363,"Jade Li","Human Resources","Male                                              ",47,"United States"
364,"Kinsley Acosta","IT","Female                                            ",32,"United States"
365,"Clara Kang","IT","Female                                            ",39,"United States"
366,"Harper Alexander","IT","Female                                            ",26,"United States"
367,"Carter Reed","Sales","Female                                            ",40,"United States"
368,"Charlotte Ruiz","Engineering","Female                                            ",32,"United States"
369,"Everleigh Jiang","IT","Male                                              ",58,"United States"
370,"Audrey Smith","Accounting","Female                                            ",58,"United States"
371,"Emery Acosta","Engineering","Female                                            ",42,"Brazil"
372,"Charles Robinson","Sales","Female                                            ",26,"United States"
373,"Landon Lopez","Human Resources","Female                                            ",38,"United States"
374,"Miles Mehta","Accounting","Male                                              ",64,"United States"
375,"Ezra Simmons","Finance","Male                                              ",38,"United States"
376,"Nora Santiago","Engineering","Male                                              ",55,"Brazil"
378,"Caroline Herrera","Accounting","Male                                              ",45,"United States"
379,"David Owens","Marketing","Female                                            ",43,"United States"
380,"Avery Yee","Sales","Female                                            ",34,"Brazil"
381,"Xavier Park","IT","Male                                              ",40,"Brazil"
382,"Asher Morales","IT","Female                                            ",52,"United States"
383,"Mason Cao","Engineering","Male                                              ",52,"United States"
384,"Joshua Fong","Finance","Male                                              ",47,"China"
385,"Maria Chin","Engineering","Male                                              ",65,"Brazil"
386,"Eva Garcia","Marketing","Male                                              ",31,"China"
387,"Anna Molina","Human Resources","Female                                            ",41,"China"
388,"Logan Bryant","Accounting","Female                                            ",30,"China"
389,"Isla Han","Marketing","Female                                            ",58,"Brazil"
390,"Christopher Vega","IT","Male                                              ",54,"United States"
391,"Lillian Park","Engineering","Female                                            ",40,"United States"
392,"Kennedy Zhang","Marketing","Male                                              ",63,"United States"
393,"Eli Han","Finance","Female                                            ",40,"United States"
394,"Julia Pham","Accounting","Female                                            ",65,"China"
395,"Hailey Shin","Engineering","Male                                              ",57,"China"
396,"Connor Grant","Human Resources","Female                                            ",27,"China"
397,"Natalia Owens","Accounting","Female                                            ",31,"China"
398,"Maria He","Human Resources","Male                                              ",45,"China"
399,"Jade Yi","IT","Female                                            ",47,"United States"
400,"Quinn Xiong","Sales","Female                                            ",55,"United States"
401,"Dominic Baker","Engineering","Female                                            ",51,"China"
402,"Adam Nelson","Accounting","Female                                            ",25,"China"
403,"Autumn Reed","Finance","Male                                              ",37,"United States"
404,"Robert Edwards","Engineering","Male                                              ",62,"United States"
405,"Roman Martinez","Human Resources","Female                                            ",31,"United States"
406,"Eleanor Li","Finance","Male                                              ",64,"United States"
407,"Connor Vang","Human Resources","Male                                              ",25,"United States"
408,"Ellie Chung","Sales","Female                                            ",59,"Brazil"
409,"Violet Hall","Marketing","Male                                              ",40,"United States"
410,"Dylan Padilla","IT","Female                                            ",31,"United States"
411,"Nathan Pham","Human Resources","Female                                            ",45,"China"
412,"Ayla Brown","Accounting","Male                                              ",49,"United States"
413,"Isaac Mitchell","Sales","Male                                              ",46,"United States"
414,"Jayden Jimenez","IT","Female                                            ",46,"United States"
415,"Jaxon Tran","Human Resources","Male                                              ",45,"United States"
416,"Connor Fong","Sales","Male                                              ",40,"United States"
417,"Emery Mitchell","Accounting","Male                                              ",48,"Brazil"
418,"Landon Luu","Finance","Male                                              ",31,"China"
419,"Sophia Ahmed","IT","Female                                            ",30,"United States"
420,"Sofia Dinh","Sales","Male                                              ",55,"United States"
421,"Jonathan Patel","Engineering","Female                                            ",28,"United States"
422,"Piper Patterson","Marketing","Female                                            ",45,"United States"
423,"Cora Evans","Engineering","Male                                              ",45,"United States"
424,"Cameron Young","IT","Female                                            ",63,"China"
425,"Melody Ho","Engineering","Female                                            ",55,"United States"
426,"Aiden Bryant","Finance","Male                                              ",47,"United States"
427,"Grayson Walker","Sales","Female                                            ",29,"United States"
428,"Scarlett Figueroa","Accounting","Male                                              ",34,"United States"
429,"Madeline Hoang","Human Resources","Male                                              ",28,"United States"
430,"Ezra Simmons","IT","Female                                            ",31,"United States"
431,"Ruby Medina","IT","Female                                            ",50,"United States"
432,"Luke Zheng","Sales","Male                                              ",39,"China"
433,"Rylee Dinh","Human Resources","Female                                            ",35,"United States"
434,"Miles Evans","Engineering","Male                                              ",54,"United States"
435,"Leo Owens","IT","Female                                            ",47,"China"
436,"Caroline Owens","IT","Male                                              ",26,"China"
437,"Kennedy Do","IT","Male                                              ",42,"United States"
438,"Jade Acosta","IT","Female                                            ",47,"United States"
439,"Mila Vasquez","Engineering","Female                                            ",60,"United States"
440,"Allison Ayala","Engineering","Female                                            ",36,"United States"
441,"Jace Zhang","Finance","Female                                            ",31,"United States"
442,"Allison Medina","IT","Female                                            ",55,"United States"
443,"Maria Wilson","Finance","Male                                              ",51,"United States"
444,"Everly Coleman","Engineering","Female                                            ",48,"China"
445,"Jordan Gomez","IT","Female                                            ",58,"Brazil"
446,"Isla Chavez","Accounting","Female                                            ",29,"United States"
447,"Hannah Gomez","Sales","Male                                              ",25,"United States"
448,"Jacob Davis","IT","Female                                            ",36,"Brazil"
449,"Eli Gupta","Accounting","Female                                            ",37,"Brazil"
450,"Andrew Huynh","Human Resources","Male                                              ",57,"United States"
451,"Anna Gutierrez","Human Resources","Male                                              ",59,"United States"
452,"Samuel Vega","Engineering","Male                                              ",37,"China"
453,"Liliana Do","Marketing","Female                                            ",30,"United States"
454,"Isaac Sanders","IT","Male                                              ",49,"Brazil"
455,"Raelynn Gupta","Human Resources","Female                                            ",48,"United States"
456,"Genesis Xiong","Finance","Male                                              ",51,"China"
457,"Lucas Ramos","IT","Female                                            ",56,"United States"
458,"Santiago f Gonzalez","Human Resources","Female                                            ",36,"China"
459,"Henry Zhu","Sales","Male                                              ",38,"United States"
460,"Emily Contreras","Marketing","Male                                              ",56,"United States"
461,"Hailey Lai","Sales","Male                                              ",52,"United States"
462,"Vivian Guzman","Human Resources","Female                                            ",53,"United States"
463,"Hadley Contreras","Finance","Female                                            ",60,"Brazil"
464,"Nathan Sun","Engineering","Female                                            ",63,"China"
465,"Grace Campos","Accounting","Female                                            ",37,"United States"
466,"Autumn Ortiz","Engineering","Male                                              ",30,"United States"
467,"Connor Walker","Engineering","Female                                            ",30,"China"
468,"Mia Wu","Finance","Female                                            ",45,"Brazil"
469,"Julia Luong","IT","Male                                              ",55,"Brazil"
470,"Eleanor Delgado","Accounting","Female                                            ",33,"United States"
471,"Addison Roberts","Marketing","Female                                            ",65,"China"
472,"Camila Li","IT","Female                                            ",60,"China"
473,"Ezekiel Fong","IT","Female                                            ",56,"Brazil"
474,"Dylan Thao","Sales","Female                                            ",53,"United States"
475,"Josephine Salazar","Engineering","Male                                              ",36,"China"
476,"Genesis Hu","Engineering","Male                                              ",46,"China"
477,"Mila Juarez","Marketing","Female                                            ",38,"United States"
478,"Daniel Perry","Sales","Female                                            ",62,"Brazil"
479,"Paisley Hunter","IT","Female                                            ",61,"China"
480,"Everleigh White","Engineering","Male                                              ",59,"Brazil"
481,"Penelope Choi","IT","Female                                            ",49,"United States"
482,"Piper Sun","IT","Female                                            ",64,"United States"
483,"Lucy Johnson","Marketing","Female                                            ",57,"United States"
484,"Ian Ngo","IT","Female                                            ",52,"China"
485,"Joseph Vazquez","Sales","Female                                            ",40,"United States"
486,"Hadley Guerrero","Accounting","Male                                              ",49,"United States"
487,"Jose Brown","IT","Male                                              ",43,"United States"
488,"Benjamin Ford","IT","Female                                            ",31,"United States"
489,"Henry Shah","Finance","Male                                              ",55,"Brazil"
490,"Ivy Daniels","Accounting","Male                                              ",41,"United States"
491,"Thomas Chang","Human Resources","Male                                              ",34,"United States"
492,"Caroline Phan","Accounting","Female                                            ",41,"China"
493,"Maverick Mehta","Finance","Male                                              ",40,"United States"
494,"Austin Edwards","IT","Female                                            ",42,"China"
495,"Daniel Huang","IT","Male                                              ",31,"United States"
496,"Lucas Phan","Human Resources","Male                                              ",49,"United States"
497,"Gabriel Yu","Marketing","Male                                              ",42,"United States"
498,"Mason Watson","IT","Male                                              ",46,"United States"
499,"Angel Chang","IT","Male                                              ",37,"China"
500,"Madeline Coleman","IT","Male                                              ",51,"China"
501,"Thomas Vazquez","Finance","Male                                              ",46,"United States"
502,"Silas Hunter","Engineering","Female                                            ",55,"China"
503,"Nicholas Brooks","IT","Male                                              ",43,"United States"
504,"Dominic Thomas","Accounting","Male                                              ",48,"Brazil"
505,"Wesley Adams","Marketing","Male                                              ",48,"United States"
15,"Ian Wu","IT","Male                                              ",51,"United States"
506,"Alice Young","Marketing","Male                                              ",46,"United States"
507,"Logan Carrillo","Engineering","Male                                              ",33,"United States"
508,"Caroline Alexander","Marketing","Female                                            ",42,"China"
509,"Serenity Bailey","Human Resources","Male                                              ",55,"United States"
510,"Elena Tan","IT","Female                                            ",50,"United States"
511,"Eliza Adams","Engineering","Female                                            ",26,"United States"
512,"Alice Xiong","Sales","Female                                            ",55,"United States"
513,"Isla Yoon","Engineering","Female                                            ",50,"China"
514,"Emma Perry","Engineering","Female                                            ",28,"United States"
515,"Riley Marquez","IT","Female                                            ",39,"China"
516,"Caroline Hu","Finance","Female                                            ",31,"United States"
517,"Madison Kumar","Marketing","Female                                            ",55,"United States"
518,"Matthew Lim","Accounting","Female                                            ",52,"United States"
519,"Maya Ngo","Sales","Female                                            ",55,"China"
520,"Alice Soto","Sales","Male                                              ",56,"China"
521,"Andrew Moore","Accounting","Female                                            ",47,"United States"
522,"Olivia Harris","Engineering","Female                                            ",63,"United States"
55,"Genesis Banks","Sales","Male                                              ",63,"Brazil"
524,"Victoria Johnson","Finance","Female                                            ",55,"United States"
525,"Eloise Griffin","Accounting","Female                                            ",55,"United States"
526,"Roman Yang","Sales","Female                                            ",42,"United States"
527,"Clara Huynh","Human Resources","Female                                            ",39,"United States"
528,"Kai Flores","IT","Male                                              ",35,"United States"
529,"Jaxson Dinh","Engineering","Female                                            ",45,"United States"
530,"Sophie Vang","Marketing","Male                                              ",25,"China"
531,"Axel Jordan","Marketing","Male                                              ",47,"United States"
532,"Jade Hunter","Sales","Female                                            ",42,"China"
533,"Lydia Williams","IT","Male                                              ",35,"China"
534,"Emery Chang","IT","Female                                            ",45,"United States"
535,"Savannah He","Human Resources","Female                                            ",52,"United States"
536,"Elias Ahmed","IT","Female                                            ",57,"United States"
537,"Samantha Woods","Marketing","Female                                            ",56,"China"
538,"Axel Soto","Accounting","Male                                              ",46,"China"
539,"Amelia Choi","Engineering","Female                                            ",43,"United States"
540,"Jacob Khan","Marketing","Male                                              ",53,"United States"
541,"Luna Taylor","IT","Female                                            ",47,"Brazil"
542,"Dominic Parker","IT","Male                                              ",62,"United States"
543,"Angel Xiong","Engineering","Female                                            ",35,"China"
544,"Emma Cao","IT","Male                                              ",27,"United States"
545,"Ezekiel Bryant","Accounting","Male                                              ",55,"United States"
546,"Natalie Hwang","Finance","Female                                            ",63,"China"
547,"Adeline Yang","Finance","Male                                              ",53,"China"
548,"Allison Roberts","IT","Female                                            ",54,"United States"
549,"Andrew Do","Sales","Female                                            ",43,"United States"
550,"Eliana Grant","Finance","Female                                            ",64,"China"
551,"Mila Soto","Engineering","Male                                              ",65,"United States"
552,"Gabriella Johnson","Finance","Female                                            ",42,"United States"
553,"Jonathan Khan","IT","Female                                            ",35,"United States"
554,"Elias Dang","Sales","Female                                            ",64,"Brazil"
555,"Theodore Ngo","Engineering","Male                                              ",55,"United States"
556,"Bella Lopez","Engineering","Male                                              ",32,"China"
557,"Luca Truong","Marketing","Male                                              ",45,"China"
558,"Nathan Lau","Marketing","Female                                            ",35,"China"
559,"Henry Campos","Human Resources","Male                                              ",38,"United States"
560,"Connor Bell","Human Resources","Male                                              ",54,"China"
561,"Angel Stewart","IT","Male                                              ",28,"United States"
562,"Landon Brown","Finance","Male                                              ",26,"United States"
563,"Nicholas Rivera","Marketing","Male                                              ",45,"United States"
564,"Gabriel Carter","Engineering","Male                                              ",57,"United States"
565,"Leilani Baker","Engineering","Male                                              ",59,"United States"
566,"Ian Flores","IT","Male                                              ",48,"Brazil"
567,"Hudson Thompson","Engineering","Female                                            ",30,"United States"
568,"Ian Miller","Accounting","Male                                              ",31,"United States"
569,"Harper Chin","IT","Male                                              ",50,"Brazil"
570,"Santiago f Brooks","Engineering","Male                                              ",51,"United States"
571,"Dylan Dominguez","Sales","Female                                            ",42,"United States"
572,"Everett Lee","Marketing","Male                                              ",45,"China"
573,"Madelyn Mehta","IT","Male                                              ",64,"United States"
574,"Athena Vasquez","Sales","Male                                              ",59,"Brazil"
575,"William Watson","Engineering","Female                                            ",41,"United States"
576,"Everleigh Nunez","Accounting","Female                                            ",42,"United States"
577,"Leo Fernandez","Engineering","Male                                              ",54,"Brazil"
578,"Joshua Lin","Finance","Female                                            ",37,"United States"
579,"Alexander Rivera","IT","Male                                              ",58,"Brazil"
580,"David Desai","Sales","Male                                              ",47,"Brazil"
581,"Aubrey Yoon","Sales","Male                                              ",60,"China"
582,"Grayson Brown","Human Resources","Male                                              ",38,"Brazil"
583,"Noah Chen","IT","Female                                            ",63,"United States"
584,"Ella Nguyen","Marketing","Male                                              ",60,"China"
585,"Athena Jordan","IT","Male                                              ",42,"United States"
586,"Adrian Ruiz","IT","Female                                            ",34,"China"
587,"Zoe Sanchez","Finance","Female                                            ",53,"China"
588,"Jameson Chen","Accounting","Male                                              ",39,"United States"
589,"Liliana Soto","Marketing","Female                                            ",58,"Brazil"
590,"Lincoln Reyes","Human Resources","Male                                              ",60,"Brazil"
591,"Grayson Soto","IT","Female                                            ",34,"China"
592,"Julia Morris","Human Resources","Male                                              ",60,"United States"
593,"Ava Ortiz","Human Resources","Male                                              ",53,"United States"
594,"Carson Chau","IT","Female                                            ",58,"United States"
595,"Lillian Chen","Finance","Female                                            ",25,"United States"
596,"Josiah Lewis","Marketing","Male                                              ",46,"United States"
597,"Claire Jones","IT","Female                                            ",39,"China"
598,"Jeremiah Lu","Engineering","Male                                              ",50,"United States"
599,"Nova Hill","IT","Female                                            ",56,"United States"
600,"Peyton Cruz","Accounting","Male                                              ",30,"United States"
601,"Naomi Zhao","Engineering","Female                                            ",45,"China"
602,"Rylee Bui","Human Resources","Female                                            ",55,"United States"
603,"Andrew Reed","Accounting","Female                                            ",28,"Brazil"
604,"Brooklyn Collins","IT","Female                                            ",59,"United States"
605,"John Jung","Finance","Male                                              ",63,"China"
606,"Samantha Aguilar","Sales","Female                                            ",46,"United States"
607,"Madeline Acosta","Accounting","Male                                              ",26,"United States"
608,"Ethan Joseph","Sales","Female                                            ",45,"China"
609,"Miles Mehta","IT","Female                                            ",50,"United States"
700,"Joshua Juarez","Finance","Male                                              ",46,"Brazil"
701,"Matthew Howard","Finance","Male                                              ",50,"United States"
702,"Jade Figueroa","Human Resources","Male                                              ",33,"China"
703,"Everett Morales","Sales","Male                                              ",57,"Brazil"
704,"Genesis Hunter","IT","Female                                            ",48,"United States"
705,"Henry Figueroa","Finance","Male                                              ",46,"Brazil"
706,"Nicholas Song","Finance","Female                                            ",52,"Brazil"
707,"Jack Alexander","Marketing","Male                                              ",56,"United States"
708,"Jameson Foster","IT","Male                                              ",28,"Brazil"
709,"Leonardo Lo","Marketing","Male                                              ",29,"China"
800,"Ella Huang","Engineering","Male                                              ",45,"United States"
801,"Liam Jordan","Marketing","Male                                              ",28,"United States"
802,"Isaac Woods","IT","Female                                            ",28,"China"
803,"Luke Wilson","Sales","Male                                              ",34,"United States"
804,"Lyla Alvarez","IT","Male                                              ",55,"United States"
805,"Caleb Flores","IT","Male                                              ",34,"United States"
806,"Angel Lin","Human Resources","Female                                            ",27,"United States"
807,"john","IT","Male                                              ",52,"United States"
808,"carlet","IT","Male                                              ",28,"Brazil"
809,"suzi","Engineering","Male                                              ",44,"United States"
900,"Scarlett Jenkins","IT","Female                                            ",53,"United States"
1000,"Melody Chin","IT","Female                                            ",43,"United States"
5001,"Eloise Alexander","Finance","Female                                            ",28,"United States"
5002,"Carter Turner","Human Resources","Female                                            ",33,"United States"
5003,"Andrew Ma","Marketing","Female                                            ",31,"United States"
5004,"Hailey Xi","Human Resources","Male                                              ",52,"United States"
1005,"Aiden Le","Accounting","Male                                              ",55,"United States"
1006,"Christopher Lim","IT","Female                                            ",55,"China"
1007,"James Castillo","IT","Male                                              ",51,"China"
1008,"Greyson Dang","IT","Male                                              ",60,"United States"
1009,"Hannah King","Engineering","Male                                              ",31,"China"
1010,"Wesley Dominguez","Accounting","Male                                              ",45,"Brazil"
9001,"Dominic Hu","Engineering","Female                                            ",34,"China"
1012,"Nora Park","Accounting","Male                                              ",29,"United States"
1013,"Audrey Hwang","Accounting","Male                                              ",45,"United States"
1014,"Ella Jenkins","Accounting","Female                                            ",52,"China"
1015,"Peyton Owens","Finance","Female                                            ",48,"United States"
101,"Alice Lopez","Engineering","Female                                            ",48,"China"
1017,"Dominic Le","Engineering","Female                                            ",41,"United States"
1018,"Ezra Ortiz","Marketing","Female                                            ",41,"United States"
1019,"Grayson Luu","Engineering","Male                                              ",55,"United States"
1020,"Brooks Stewart","Engineering","Male                                              ",45,"China"
1021,"Naomi Xi","Human Resources","Male                                              ",53,"United States"
1022,"Silas Estrada","Finance","Male                                              ",49,"China"
3003,"Skylar Ayala","IT","Female                                            ",55,"United States"
1024,"Lydia Huynh","Finance","Male                                              ",45,"China"
1025,"Hazel Cortez","Sales","Female                                            ",52,"Brazil"
1026,"Everleigh Adams","Human Resources","Female                                            ",33,"United States"
1027,"Layla Salazar","Marketing","Female                                            ",59,"United States"
1028,"Willow Chen","IT","Female                                            ",50,"Brazil"
1029,"Penelope Griffin","Accounting","Female                                            ",61,"United States"
1030,"Lillian Romero","Sales","Female                                            ",27,"United States"
1031,"Stella Wu","Engineering","Female                                            ",35,"United States"
1032,"Parker Vang","Marketing","Female                                            ",40,"United States"
1033,"Mila Roberts","Sales","Female                                            ",30,"United States"
1034,"Isaac Liu","Human Resources","Male                                              ",60,"United States"
1035,"Jacob Doan","Engineering","Female                                            ",55,"United States"
1036,"Raelynn Ma","Sales","Male                                              ",33,"United States"
1037,"Jameson Juarez","Finance","Male                                              ",62,"China"
1038,"Everleigh Shah","Engineering","Female                                            ",36,"United States"
1039,"Alexander Foster","Engineering","Male                                              ",35,"United States"
1040,"Ryan Ha","Marketing","Female                                            ",60,"United States"
1041,"Chloe Salazar","Marketing","Male                                              ",45,"United States"
1042,"Layla Scott","Human Resources","Male                                              ",48,"United States"
8003,"Leah Khan","Accounting","Female                                            ",36,"United States"
1044,"Mason Jimenez","Marketing","Female                                            ",44,"United States"
1045,"Hailey Dang","Finance","Female                                            ",64,"United States"
1046,"Amelia Bui","Marketing","Male                                              ",46,"China"
1047,"Elena Her","Engineering","Female                                            ",62,"United States"
1048,"Ian Cortez","Sales","Female                                            ",61,"China"
1049,"Christian Ali","Marketing","Female                                            ",65,"China"
1050,"Carter Ortiz","Marketing","Male                                              ",54,"China"
1051,"Grayson Chan","Engineering","Male                                              ",46,"Brazil"
1052,"Nolan Molina","Engineering","Male                                              ",36,"China"
1053,"Adam Kaur","IT","Male                                              ",60,"Brazil"
1054,"Amelia Kaur","IT","Male                                              ",30,"China"
1055,"Autumn Gonzales","Engineering","Male                                              ",34,"Brazil"
1056,"Ezra Wilson","Sales","Female                                            ",55,"China"
1057,"Jacob Cheng","IT","Female                                            ",59,"United States"
1058,"Melody Valdez","Engineering","Male                                              ",28,"Brazil"
1059,"Caroline Nelson","IT","Male                                              ",36,"United States"
1060,"Ellie Guerrero","Finance","Female                                            ",29,"United States"
1061,"Genesis Zhu","Human Resources","Female                                            ",34,"United States"
1062,"Jonathan Ho","Finance","Female                                            ",37,"United States"
1063,"Savannah Park","IT","Female                                            ",44,"Brazil"
1064,"Nathan Chan","Human Resources","Male                                              ",45,"United States"
1065,"Sofia Vu","IT","Female                                            ",52,"United States"
1066,"Ruby Choi","Human Resources","Male                                              ",40,"United States"
1067,"Lily Pena","Accounting","Female                                            ",55,"United States"
1068,"Liam Zhang","Human Resources","Female                                            ",29,"United States"
1069,"Ian Gutierrez","Marketing","Female                                            ",32,"United States"
1070,"David Simmons","Human Resources","Male                                              ",51,"United States"
1071,"Lincoln Henderson","Marketing","Male                                              ",28,"United States"
1072,"Nathan Miller","Human Resources","Male                                              ",27,"Brazil"
1073,"James Singh","Engineering","Male                                              ",45,"United States"
1074,"Kayden Ortega","Marketing","Male                                              ",58,"United States"
1075,"Lucy Figueroa","Accounting","Male                                              ",45,"United States"
1076,"Joshua Cortez","Finance","Male                                              ",44,"China"
1077,"Alexander Morris","Finance","Female                                            ",33,"Brazil"
1078,"Grayson Chin","Sales","Male                                              ",26,"United States"
1079,"Allison Espinoza","IT","Male                                              ",45,"Brazil"
1080,"Naomi Chu","IT","Male                                              ",46,"United States"
1081,"Jameson Martin","Sales","Female                                            ",37,"United States"
1082,"Sebastian Gupta","IT","Female                                            ",40,"United States"
1083,"Eloise Pham","Marketing","Male                                              ",45,"China"
1084,"Valentina Davis","Sales","Male                                              ",33,"United States"
1085,"Brooklyn Daniels","Sales","Female                                            ",64,"China"
1086,"Paisley Gomez","Marketing","Female                                            ",57,"China"
1087,"Madison Li","Sales","Female                                            ",35,"United States"
1088,"Everleigh Simmons","Marketing","Female                                            ",55,"United States"
1089,"Logan Soto","Finance","Female                                            ",36,"Brazil"
1090,"Charlotte Vo","Finance","Female                                            ",57,"China"
1091,"Alice Thompson","IT","Male                                              ",48,"United States"
1092,"Peyton Garza","Accounting","Female                                            ",53,"United States"
1093,"Nora Nelson","IT","Female                                            ",41,"United States"
1094,"Maverick Li","Finance","Female                                            ",34,"United States"
1095,"Ian Barnes","Sales","Female                                            ",47,"Brazil"
1096,"Athena Vu","Engineering","Male                                              ",63,"United States"
1097,"Ruby Washington","Accounting","Male                                              ",65,"United States"
1098,"Bella Butler","Marketing","Female                                            ",33,"United States"
1099,"Kinsley Henry","Finance","Female                                            ",45,"United States"
1100,"Kennedy Romero","Marketing","Female                                            ",37,"United States"
1101,"Zoe Do","Engineering","Female                                            ",60,"United States"
1102,"Everett Khan","Sales","Female                                            ",43,"United States"
1103,"Anna Han","IT","Female                                            ",65,"Brazil"
54,"Leilani Sharma","IT","Male                                              ",43,"China"
1105,"Jordan Cho","Accounting","Female                                            ",28,"United States"
1106,"Nova Williams","Accounting","Female                                            ",61,"United States"
1107,"Scarlett Hill","Finance","Male                                              ",45,"China"
1108,"Dominic Scott","Engineering","Female                                            ",45,"United States"
1109,"Anthony Marquez","Sales","Female                                            ",54,"United States"
1110,"Elena Patterson","IT","Male                                              ",38,"United States"
1111,"Madison Nelson","Finance","Male                                              ",27,"United States"
1112,"William Walker","Accounting","Female                                            ",40,"United States"
1113,"Lincoln Wong","IT","Female                                            ",49,"United States"
1114,"James Huang","Finance","Male                                              ",54,"United States"
1115,"Emery Ford","Human Resources","Male                                              ",39,"United States"
1116,"Paisley Trinh","Marketing","Male                                              ",57,"United States"
1117,"Hudson Williams","IT","Female                                            ",36,"China"
1118,"Harper Phan","Sales","Female                                            ",45,"United States"
1119,"Madeline Allen","Finance","Male                                              ",30,"United States"
67,"Charles Moore","IT","Female                                            ",34,"United States"
78,"Lincoln Fong","IT","Female                                            ",31,"China"
99,"Isla Guzman","Sales","Male                                              ",28,"United States"
1123,"Hailey Foster","Accounting","Male                                              ",55,"United States"
1124,"Hudson Hill","Engineering","Female                                            ",30,"China"
75,"Wyatt Li","Sales","Female                                            ",63,"Brazil"
1,"Maverick Henry","Engineering","Male                                              ",26,"United States"
2,"Xavier Jackson","IT","Male                                              ",52,"United States"
3023,"Christian Medina","Marketing","Male                                              ",51,"United States"
4,"Autumn Leung","Marketing","Male                                              ",25,"United States"
5,"Robert Vazquez","Finance","Male                                              ",40,"United States"
6,"Aria Roberts","IT","Female                                            ",38,"United States"
7,"Axel Johnson","Accounting","Male                                              ",60,"United States"
8,"Madeline Garcia","Human Resources","Female                                            ",45,"United States"
9,"Christopher Chung","Human Resources","Male                                              ",28,"United States"
10,"Eliana Turner","Engineering","Female                                            ",65,"United States"
1001,"Daniel Shah","Sales","Male                                              ",41,"Brazil"
1002,"Penelope Gonzalez","Sales","Female                                            ",52,"United States"
1003,"Mila Allen","Sales","Male                                              ",56,"United States"
1004,"Emilia Chu","Engineering","Female                                            ",48,"China"
6085,"Emily Clark","Finance","Female                                            ",36,"United States"
16,"Roman King","Accounting","Female                                            ",60,"United States"
17,"Emery Do","Finance","Female                                            ",40,"United States"
18,"Autumn Thao","Sales","Male                                              ",63,"United States"
19,"Naomi Coleman","Sales","Female                                            ",29,"United States"
20,"Cora Zheng","Marketing","Female                                            ",27,"United States"
21,"Ayla Daniels","IT","Female                                            ",53,"United States"
22,"Allison Daniels","IT","Female                                            ",37,"United States"
23,"Mateo Harris","Finance","Female                                            ",30,"China"
24,"Samantha Rogers","IT","Female                                            ",28,"United States"
25,"Julian Lee","Marketing","Male                                              ",51,"United States"
26,"Nicholas Avila","IT","Female                                            ",28,"United States"
27,"Hailey Watson","IT","Male                                              ",31,"United States"
28,"Willow Woods","Accounting","Male                                              ",28,"United States"
29,"Alexander Gonzales","Human Resources","Female                                            ",34,"United States"
30,"Aiden Gonzales","Accounting","Female                                            ",44,"United States"
31,"Joshua Chin","Marketing","Male                                              ",60,"United States"
32,"Paisley Hall","Marketing","Male                                              ",41,"United States"
33,"Allison Leung","Human Resources","Male                                              ",62,"Brazil"
34,"Hannah Mejia","Sales","Female                                            ",47,"United States"
35,"Elizabeth Huang","Marketing","Female                                            ",62,"United States"
36,"Abigail Garza","Finance","Female                                            ",33,"United States"
37,"Raelynn Lu","Accounting","Female                                            ",27,"United States"
38,"Charles Luu","Finance","Female                                            ",25,"China"
39,"Lydia Espinoza","Sales","Female                                            ",29,"United States"
40,"Adeline Thao","Marketing","Male                                              ",54,"China"
41,"Kinsley Dixon","Finance","Female                                            ",28,"China"
42,"Natalia Vu","Accounting","Female                                            ",54,"Brazil"
43,"Julia Mai","Accounting","Female                                            ",50,"United States"
45,"Camila Evans","Marketing","Female                                            ",55,"United States"
46,"Everly Lai","Marketing","Female                                            ",52,"United States"
47,"Adam He","Marketing","Female                                            ",35,"China"
48,"Vivian Hunter","Accounting","Female                                            ",26,"United States"
49,"Lucy Avila","Sales","Male                                              ",43,"United States"
50,"Eliana Li","IT","Female                                            ",63,"China"
51,"Logan Mitchell","Engineering","Female                                            ",65,"United States"
52,"Dominic Dinh","Marketing","Female                                            ",45,"Brazil"
53,"Lucas Daniels","Marketing","Male                                              ",42,"United States"
4004,"Andrew Holmes","Sales","Male                                              ",59,"United States"
4002,"Julia Sandoval","IT","Male                                              ",42,"United States"
4003,"Kennedy Vargas","Human Resources","Male                                              ",45,"United States"
4005,"Thomas Williams","Human Resources","Female                                            ",45,"United States"
4006,"Raelynn Hong","Engineering","Female                                            ",28,"United States"
4007,"Eli Reed","Marketing","Male                                              ",51,"Brazil"
4008,"Lyla Yoon","IT","Female                                            ",38,"United States"
4009,"Hannah White","Accounting","Male                                              ",62,"China"
4010,"Theodore Xi","Accounting","Female                                            ",52,"United States"
1011,"Ezra Liang","Finance","Female                                            ",52,"United States"
4012,"Grayson Yee","Finance","Male                                              ",48,"United States"
1043,"Eli Richardson","Human Resources","Male                                              ",38,"China"
4014,"Audrey Lee","IT","Male                                              ",51,"United States"
4015,"Jameson Allen","Engineering","Male                                              ",32,"China"
4016,"Eliza Chen","Marketing","Female                                            ",36,"United States"
4017,"Lyla Chen","IT","Male                                              ",45,"China"
4018,"Emily Doan","Human Resources","Female                                            ",32,"United States"
4019,"Jack Mai","Engineering","Female                                            ",45,"United States"
4020,"Grayson Turner","Marketing","Female                                            ",54,"United States"
4021,"Ivy Tang","IT","Male                                              ",48,"United States"
4022,"Robert Zhang","Engineering","Male                                              ",45,"China"
1023,"Eva Alvarado","Marketing","Female                                            ",46,"United States"
117629,"Abigail Vang","IT","Male                                              ",40,"China"
77,"Claire Adams","Engineering","Female                                            ",61,"United States"
7008,"Theodore Marquez","Sales","Female                                            ",54,"Brazil"
79,"Hunter Nunez","Engineering","Female                                            ",62,"China"
80,"Charles Henderson","Human Resources","Male                                              ",48,"United States"
81,"Camila Cortez","IT","Male                                              ",29,"Brazil"
82,"Aaron Garza","Marketing","Male                                              ",39,"United States"
83,"Jose Singh","Sales","Female                                            ",44,"United States"
84,"Gabriel Joseph","Finance","Male                                              ",52,"United States"
85,"Natalia Santos","Engineering","Male                                              ",45,"United States"
86,"Dylan Wilson","Human Resources","Male                                              ",48,"United States"
87,"Robert Alvarez","IT","Female                                            ",39,"United States"
88,"Samantha Chavez","IT","Male                                              ",53,"Brazil"
89,"Samuel Bailey","Sales","Male                                              ",41,"United States"
90,"Ezekiel Delgado","Accounting","Female                                            ",40,"Brazil"
91,"Benjamin Ramirez","Engineering","Male                                              ",48,"Brazil"
92,"Anthony Carter","IT","Male                                              ",41,"United States"
93,"Ethan Tang","Engineering","Male                                              ",54,"Brazil"
94,"Sebastian Rogers","Accounting","Male                                              ",38,"United States"
95,"Miles Thao","Human Resources","Male                                              ",57,"United States"
96,"William Cao","IT","Male                                              ",63,"United States"
97,"Leo Hsu","Marketing","Male                                              ",62,"United States"
98,"Avery Grant","Human Resources","Male                                              ",49,"United States"
3009,"Penelope Fong","IT","Male                                              ",60,"China"
100,"Vivian Thao","Accounting","Female                                            ",45,"China"
1154,"Eva Estrada","Engineering","Female                                            ",45,"United States"
1155,"Emma Luna","Sales","Female                                            ",52,"China"
1156,"Charlotte Wu","Engineering","Female                                            ",63,"United States"
1157,"Vivian Chu","Human Resources","Female                                            ",46,"Brazil"
1158,"Jayden Williams","Sales","Female                                            ",64,"Brazil"
1159,"Amelia Bell","Human Resources","Female                                            ",53,"China"
1160,"Addison Mehta","Sales","Male                                              ",27,"China"
1161,"Alexander Jackson","Sales","Female                                            ",45,"United States"
1162,"Everly Lin","Human Resources","Female                                            ",25,"United States"
1163,"Lyla Stewart","Human Resources","Male                                              ",43,"United States"
1164,"Brooklyn Ruiz","IT","Female                                            ",61,"United States"
1165,"Skylar Evans","IT","Female                                            ",42,"China"
1166,"Lincoln Huynh","Accounting","Female                                            ",63,"United States"
1167,"Hazel Griffin","Finance","Female                                            ",32,"United States"
1168,"Charles Gonzalez","Engineering","Male                                              ",27,"United States"
1169,"Leah Patterson","Engineering","Female                                            ",33,"United States"
1170,"Avery Sun","Human Resources","Male                                              ",45,"United States"
1171,"Isaac Yoon","Engineering","Female                                            ",41,"Brazil"
1172,"Isabella Bui","Human Resources","Female                                            ",36,"United States"
1173,"Gabriel Zhou","IT","Male                                              ",25,"China"
1174,"Jack Vu","IT","Female                                            ",43,"United States"
1175,"Valentina Moua","Accounting","Male                                              ",37,"United States"
1176,"Quinn Trinh","Sales","Male                                              ",42,"China"
1177,"Caroline Nelson","Sales","Female                                            ",60,"China"
1178,"Miles Dang","Sales","Female                                            ",61,"United States"
1179,"Leah Bryant","IT","Female                                            ",55,"China"
1180,"Henry Jung","IT","Male                                              ",57,"United States"
1181,"Benjamin Mai","Engineering","Female                                            ",54,"United States"
1182,"Anna Han","IT","Male                                              ",29,"United States"
1183,"Ariana Kim","Engineering","Male                                              ",33,"United States"
1184,"Alice Tran","IT","Female                                            ",39,"United States"
1185,"Hailey Song","Marketing","Female                                            ",37,"United States"
1186,"Lydia Morales","Finance","Female                                            ",51,"China"
1187,"Liam Sanders","Finance","Female                                            ",46,"United States"
1188,"Luke Sanchez","Human Resources","Female                                            ",41,"China"
1189,"Grace Sun","Human Resources","Male                                              ",25,"Brazil"
1190,"Ezra Banks","Finance","Male                                              ",37,"United States"
1191,"Jayden Kang","Sales","Female                                            ",46,"Brazil"
1192,"Skylar Shah","Finance","Male                                              ",42,"China"
1193,"Sebastian Le","Engineering","Male                                              ",37,"United States"
1194,"Luca Nelson","Finance","Female                                            ",60,"United States"
1195,"Riley Ramirez","Finance","Male                                              ",52,"United States"
1196,"Jaxon Fong","Human Resources","Male                                              ",59,"China"
1197,"Kayden Jordan","Sales","Female                                            ",48,"United States"
1198,"Alexander James","IT","Male                                              ",42,"United States"
1200,"Connor Luu","Human Resources","Male                                              ",35,"China"
1201,"Christopher Lam","IT","Male                                              ",64,"United States"
1202,"Sophie Owens","Accounting","Male                                              ",30,"United States"
1203,"Addison Perez","Finance","Male                                              ",29,"China"
1204,"Hadley Dang","Engineering","Female                                            ",47,"United States"
1205,"Ethan Mehta","Accounting","Female                                            ",49,"United States"
1206,"Madison Her","Sales","Female                                            ",56,"Brazil"
1207,"Savannah Singh","IT","Male                                              ",53,"United States"
1208,"Nevaeh Hsu","Marketing","Female                                            ",32,"United States"
1209,"Jordan Zhu","Human Resources","Female                                            ",32,"United States"
1210,"Jackson Navarro","Marketing","Female                                            ",52,"United States"
1211,"Sadie Patterson","Sales","Male                                              ",38,"United States"
1212,"Christopher Butler","`1","Male                                              ",41,"United States"
1213,"Penelope Rodriguez","IT","Female                                            ",49,"Brazil"
1214,"Emily Lau","Engineering","Male                                              ",35,"United States"
1215,"Sophie Oh","Finance","Female                                            ",29,"United States"
1216,"Chloe Allen","IT","Female                                            ",64,"Brazil"
1217,"Caleb Nelson","IT","Female                                            ",33,"United States"
1218,"Oliver Moua","Marketing","Female                                            ",29,"United States"
1219,"Wesley Doan","IT","Male                                              ",63,"United States"
1220,"Nova Hsu","Finance","Male                                              ",32,"United States"
1221,"Levi Moreno","Human Resources","Male                                              ",64,"United States"
1222,"Gianna Ha","IT","Female                                            ",55,"China"
1223,"Lillian Gonzales","IT","Male                                              ",43,"United States"
1224,"Ezra Singh","IT","Female                                            ",56,"Brazil"
1225,"Audrey Patel","Finance","Female                                            ",37,"China"
1226,"Brooklyn Cho","Finance","Male                                              ",45,"Brazil"
1227,"Piper Ramos","IT","Female                                            ",49,"United States"
1228,"Eleanor Williams","Sales","Female                                            ",61,"China"
1229,"Melody Grant","IT","Female                                            ",41,"China"
1230,"Paisley Sanders","Engineering","Female                                            ",55,"United States"
1231,"Santiago f Gray","Marketing","Female                                            ",27,"United States"
1232,"Josephine Richardson","Engineering","Female                                            ",57,"United States"
1233,"Jaxson Santiago","IT","Male                                              ",56,"United States"
1234,"Lincoln Ramos","Engineering","Female                                            ",59,"United States"
1235,"Dylan Campbell","Engineering","Male                                              ",45,"United States"
1236,"Olivia Gray","Engineering","Male                                              ",42,"United States"
1237,"Emery Doan","Marketing","Male                                              ",25,"United States"
1238,"Caroline Perez","Engineering","Female                                            ",29,"United States"
1239,"Genesis Woods","Engineering","Female                                            ",33,"United States"
1240,"Ruby Sun","Human Resources","Female                                            ",50,"China"
1241,"Nevaeh James","IT","Female                                            ",45,"Brazil"
1242,"Parker Sandoval","IT","Female                                            ",59,"United States"
1243,"Austin Rojas","Human Resources","Female                                            ",29,"China"
1244,"Vivian Espinoza","Finance","Male                                              ",52,"United States"
1245,"Cooper Gupta","Sales","Male                                              ",58,"United States"
1246,"Axel Santos","Human Resources","Female                                            ",62,"United States"
1247,"Samuel Song","Accounting","Male                                              ",31,"Brazil"
1248,"Aiden Silva","Sales","Male                                              ",42,"China"
1249,"Eliana Allen","IT","Male                                              ",56,"United States"
1250,"Grayson James","Human Resources","Male                                              ",54,"United States"
1251,"Hailey Yee","Engineering","Female                                            ",54,"Brazil"
1252,"Ian Vargas","Sales","Male                                              ",26,"United States"
1253,"John Trinh","Sales","Female                                            ",49,"United States"
1254,"Sofia Trinh","Marketing","Male                                              ",45,"China"
1255,"Santiago f Moua","IT","Male                                              ",45,"Brazil"
1256,"Layla Collins","Human Resources","Female                                            ",26,"China"
1257,"Jaxon Powell","IT","Male                                              ",59,"China"
1258,"Naomi Washington","Engineering","Female                                            ",51,"United States"
1259,"Ryan Holmes","IT","Male                                              ",45,"United States"
1260,"Bella Holmes","Marketing","Female                                            ",35,"United States"
1261,"Hailey Sanchez","Accounting","Male                                              ",32,"United States"
1262,"Sofia Yoon","Marketing","Female                                            ",37,"United States"
1263,"Eli Rahman","Human Resources","Female                                            ",45,"United States"
1264,"Christopher Howard","IT","Female                                            ",61,"Brazil"
1265,"Alice Mehta","IT","Male                                              ",45,"China"
1266,"Cooper Yoon","Sales","Male                                              ",60,"China"
1267,"John Delgado","Engineering","Female                                            ",30,"United States"
1268,"Jaxson Liang","IT","Male                                              ",64,"China"
1269,"Caroline Santos","Engineering","Male                                              ",25,"United States"
1270,"Lily Henderson","Finance","Male                                              ",61,"United States"
1271,"Hannah Martinez","Human Resources","Female                                            ",65,"United States"
1272,"William Phillips","Marketing","Female                                            ",61,"Brazil"
1273,"Eliza Zheng","IT","Female                                            ",48,"United States"
1274,"John Dang","IT","Male                                              ",58,"United States"
1275,"Joshua Yang","Sales","Female                                            ",34,"United States"
1276,"Hazel Young","IT","Male                                              ",30,"China"
1278,"Thomas Jung","Sales","Male                                              ",50,"China"
1279,"Xavier Perez","Accounting","Female                                            ",51,"China"
1280,"Elijah Coleman","Sales","Male                                              ",53,"United States"
1281,"Clara Sanchez","Sales","Male                                              ",47,"China"
1282,"Isaac Stewart","Engineering","Male                                              ",25,"Brazil"
1283,"Claire Romero","Marketing","Female                                            ",37,"United States"
1284,"Andrew Coleman","Marketing","Male                                              ",41,"Brazil"
1285,"Riley Rojas","Finance","Female                                            ",36,"United States"
1286,"Landon Thao","IT","Male                                              ",25,"Brazil"
1287,"Hadley Ford","Human Resources","Female                                            ",52,"United States"
1288,"Austin Brown","IT","Male                                              ",48,"Brazil"
1289,"Christian Fong","Marketing","Female                                            ",49,"United States"
1290,"Hazel Alvarez","Sales","Male                                              ",62,"United States"
1291,"Isabella Bailey","Human Resources","Male                                              ",36,"United States"
1292,"Lincoln Huynh","IT","Female                                            ",55,"China"
1293,"Hadley Yee","IT","Female                                            ",31,"Brazil"
1294,"Julia Doan","Human Resources","Male                                              ",53,"United States"
1295,"Dylan Ali","Human Resources","Female                                            ",27,"China"
1296,"Eloise Trinh","Human Resources","Female                                            ",39,"United States"
1297,"Dylan Kumar","IT","Male                                              ",55,"United States"
1298,"Emily Gupta","Marketing","Female                                            ",44,"United States"
1299,"Silas Rivera","Human Resources","Male                                              ",48,"United States"
1300,"Jackson Jordan","Sales","Female                                            ",48,"China"
1301,"Isaac Joseph","Human Resources","Male                                              ",54,"United States"
1302,"Hailey Lai","Sales","Male                                              ",42,"United States"
1303,"Leilani Thao","Finance","Male                                              ",38,"United States"
1304,"Madeline Watson","Human Resources","Female                                            ",40,"United States"
1305,"Silas Huang","Sales","Female                                            ",57,"China"
1306,"Peyton Walker","Engineering","Female                                            ",43,"United States"
1307,"Jeremiah Hernandez","Marketing","Male                                              ",26,"United States"
1308,"Jace Washington","IT","Female                                            ",44,"United States"
1309,"Landon Kim","Accounting","Male                                              ",50,"United States"
1310,"Peyton Vasquez","Human Resources","Male                                              ",26,"United States"
1311,"Charlotte Baker","Accounting","Male                                              ",29,"United States"
1312,"Elena Mendoza","Sales","Female                                            ",27,"United States"
1313,"Nova Lin","Sales","Female                                            ",33,"United States"
1314,"Ivy Desai","IT","Female                                            ",59,"United States"
1315,"Josephine Acosta","Engineering","Female                                            ",40,"Brazil"
1316,"Nora Nunez","Human Resources","Female                                            ",45,"United States"
1317,"Caleb Xiong","Finance","Female                                            ",38,"China"
1318,"Henry Green","Sales","Female                                            ",32,"Brazil"
1319,"Madelyn Chan","Sales","Male                                              ",64,"Brazil"
1320,"Angel Delgado","Sales","Male                                              ",31,"United States"
3,"Mia Herrera","Finance","Female                                            ",43,"United States"
1322,"Peyton Harris","Marketing","Male                                              ",45,"United States"
1323,"David Herrera","IT","Female                                            ",32,"United States"
1324,"Avery Dominguez","Engineering","Female                                            ",27,"Brazil"
1325,"Grace Carter","Sales","Male                                              ",25,"United States"
1326,"Parker Allen","Human Resources","Female                                            ",31,"Brazil"
1327,"Sadie Lee","Sales","Female                                            ",65,"Brazil"
1328,"Cooper Valdez","Marketing","Male                                              ",50,"United States"
1329,"Sebastian Fong","Sales","Female                                            ",46,"United States"
1330,"Roman Munoz","IT","Male                                              ",54,"China"
1331,"Charlotte Chang","Sales","Male                                              ",50,"Brazil"
1332,"Xavier Davis","Sales","Male                                              ",36,"United States"
1333,"Natalie Carter","Finance","Female                                            ",64,"United States"
1335,"Elena Richardson","Finance","Male                                              ",34,"United States"
1336,"Emilia Bailey","Accounting","Female                                            ",41,"United States"
1337,"Ryan Lu","Accounting","Female                                            ",25,"United States"
1338,"Asher Huynh","Engineering","Female                                            ",45,"United States"
1339,"Kinsley Martinez","IT","Male                                              ",52,"United States"
1340,"Paisley Bryant","Human Resources","Male                                              ",37,"United States"
1341,"Joshua Ramirez","IT","Female                                            ",44,"United States"
1342,"Joshua Martin","Human Resources","Female                                            ",42,"Brazil"
1343,"Charles Moore","Human Resources","Male                                              ",49,"United States"
1344,"Angel Do","Accounting","Male                                              ",34,"Brazil"
1345,"Maverick Medina","IT","Male                                              ",39,"United States"
1346,"Isaac Han","Sales","Male                                              ",31,"United States"
1347,"Eliza Liang","Human Resources","Male                                              ",36,"China"
1348,"Zoe Zhou","Human Resources","Male                                              ",61,"United States"
1349,"Nathan Lee","Finance","Female                                            ",29,"United States"
1350,"Elijah Ramos","Accounting","Female                                            ",33,"China"
1351,"Jaxson Coleman","IT","Male                                              ",32,"China"
1352,"Hailey Hong","Finance","Male                                              ",33,"United States"
1353,"Gabriella Zhu","Sales","Male                                              ",36,"Brazil"
1354,"Aaron Maldonado","IT","Female                                            ",39,"United States"
1355,"Samantha Vargas","Finance","Female                                            ",53,"United States"
1356,"Nora Le","Human Resources","Male                                              ",53,"China"
1357,"Alice Roberts","IT","Female                                            ",54,"United States"
1358,"Colton Garcia","Human Resources","Female                                            ",55,"Brazil"
1359,"Stella Lai","IT","Female                                            ",44,"United States"
1360,"Leonardo Luong","Accounting","Male                                              ",52,"United States"
1361,"Nicholas Wong","Finance","Female                                            ",27,"United States"
1362,"Jeremiah Castillo","Sales","Male                                              ",58,"United States"
1363,"Cooper Jiang","Accounting","Male                                              ",49,"United States"
1364,"Penelope Silva","Accounting","Male                                              ",36,"United States"
1365,"Jose Richardson","IT","Male                                              ",26,"United States"
1366,"Eleanor Chau","Marketing","Female                                            ",37,"China"
1367,"John Cho","Engineering","Male                                              ",47,"United States"
1368,"Julian Delgado","Human Resources","Female                                            ",29,"United States"
1369,"Isabella Scott","IT","Male                                              ",58,"United States"
1370,"Parker Avila","IT","Male                                              ",47,"China"
1371,"Luke Vu","Marketing","Female                                            ",52,"Brazil"
1372,"Jameson Nelson","Marketing","Male                                              ",61,"United States"
1373,"Adrian Fernandez","IT","Male                                              ",45,"Brazil"
1374,"Madison Hunter","IT","Male                                              ",40,"China"
1375,"Jordan Phillips","IT","Male                                              ",45,"United States"
1376,"Maya Chan","Human Resources","Female                                            ",37,"United States"
1377,"Wesley King","Engineering","Male                                              ",57,"United States"
1378,"Sofia Fernandez","Accounting","Female                                            ",44,"United States"
1379,"Maverick Figueroa","Accounting","Male                                              ",48,"China"
1380,"Hannah Hoang","IT","Female                                            ",25,"United States"
1381,"Violet Garcia","Accounting","Male                                              ",35,"United States"
1382,"Aaliyah Mai","Marketing","Female                                            ",57,"United States"
1383,"Austin Vang","IT","Female                                            ",49,"China"
1384,"Maria Sun","Marketing","Female                                            ",25,"United States"
1385,"Madelyn Scott","Sales","Male                                              ",46,"United States"
1386,"Dylan Chin","IT","Female                                            ",60,"China"
1387,"Emery Zhang","Finance","Female                                            ",45,"China"
1388,"Riley Washington","Engineering","Male                                              ",39,"United States"
1389,"Raelynn Rios","Sales","Female                                            ",43,"United States"
1390,"Anthony Hong","Sales","Female                                            ",37,"China"
1391,"Leo Herrera","IT","Female                                            ",48,"United States"
1392,"Robert Wright","Human Resources","Male                                              ",30,"United States"
1393,"Audrey Richardson","IT","Male                                              ",46,"United States"
1394,"Scarlett Kumar","IT","Male                                              ",55,"Brazil"
1395,"Wesley Young","IT","Female                                            ",33,"United States"
1396,"Lillian Khan","Marketing","Female                                            ",44,"United States"
1397,"Oliver Yang","Finance","Male                                              ",31,"United States"
1398,"Lily Nguyen","Marketing","Female                                            ",33,"United States"
1399,"Sofia Cheng","Finance","Male                                              ",63,"China"
